userName,score,at,content
Laddu Santhosh,5,2026-08-28 10:45:31,love this app forever ♾️
Grow ff Yt,5,2026-08-28 10:38:09,myntra quality best
Lokam Boolokam,5,2026-08-28 10:33:35,woah apps??
S. R. Behera,5,2026-08-28 10:33:05,Obviously The Top Notch Fashion Platform
Mahesh anchanapally,5,2026-08-28 10:31:24,good qualities
Pradeep Chauhan,5,2026-08-28 10:31:03,love this app
Akash geming,5,2026-08-28 10:30:12,best app for cloths sopping 👺🍌🥀
Sumi Porel,4,2026-08-28 10:25:11,very good experience
Buddhadev Paul,5,2026-08-28 10:16:31,good 👍
Nisha Nishu,5,2026-08-28 10:11:16,Maine dot and key lip balm order Kiya tha bohot achha tha
Ajit yadav,5,2026-08-28 10:08:23,bahut achha platform hai
Neetu Chauhan,5,2026-08-28 10:07:35,myntra is very good online shopping app nice product 👌 👍👍
Mahima Chauhan,5,2026-08-28 10:05:14,very good app nice product are dilevered
Manish Kami,5,2026-08-28 10:01:22,i love it
Madhu Madhu,5,2026-08-28 10:00:00,Good platform for shopping 🛒🛍️
Pallavi Lokhande,5,2026-08-28 09:58:27,it was good
JONI Yadav,5,2026-08-28 09:57:06,👍
Shivadarshan Ghode,5,2026-08-28 09:56:44,Good
Monika Sathiyadev,5,2026-08-28 09:55:17,good
Tania Deb,5,2026-08-28 09:53:07,nice
Sana Fatima,5,2026-08-28 09:52:38,nice
Devender Singh,5,2026-08-28 09:51:01,best fashion e-com app compare with others.
Soumyadipta Kar,3,2026-08-28 09:46:38,top class
saima shaikh,4,2026-08-28 09:46:32,"nice products , quick delivery"
Parth Warke,5,2026-08-28 09:44:59,"excellent app for online shopping and fashion ,clothes and daily using accessories"
Uday Prajapat,5,2026-08-28 09:42:21,bohot acha app h mujhe 90 rupey ka off bhi mila
Ankit Bhai 24,5,2026-08-28 09:41:49,👍
Kabir Molla,5,2026-08-28 09:39:13,wow
Prakhar Kr,5,2026-08-28 09:38:56,Delivered good product
Pankaj Purohit,5,2026-08-28 09:31:53,"arrival of the ordered item, bang on time super."
Mirishfaq hussain,1,2026-08-28 09:30:57,"weak customer support, when connecting they assign some AI assistant that is aweful, what happen to real human customer care executives, orders getting delayed, delivery boys barely responding."
subhash kamra,4,2026-08-28 09:23:16,good product and best Service
Shamit Sood,5,2026-08-28 09:21:38,"An absolute go-to app for fashion shopping! The interface is clean, easy to navigate, and offers a massive variety of clothing, footwear, and lifestyle brands. Delivery is usually on time, and the hassle-free exchange and return policy makes online shopping completely stress-free. Highly recommended!"
Khushi Mollick,5,2026-08-28 09:21:11,good
Nihal Kharpude1,5,2026-08-28 09:19:26,love it
Lovely Bablani,5,2026-08-28 09:18:38,good
Manoj Bhatt,5,2026-08-28 09:17:57,Myntra is a good app
RR Farooqui,5,2026-08-28 09:16:54,"best quality product ke liye thank you myntra,"
Rakesh Gorai,1,2026-08-28 09:16:07,mara account deactivate kar diya!
Masudul Islam,4,2026-08-28 09:14:47,Nice product
ramesh kamatham india,5,2026-08-28 09:03:00,super
Raj Bisoi,5,2026-08-28 09:01:50,very good product
learn easy with aniket,5,2026-08-28 08:55:44,it is a nice website and app to buy your favourite cloths and others things
Shanib Ansari,5,2026-08-28 08:51:03,good app
Aarif Khan,5,2026-08-28 08:45:54,nice app express delivery available
Smita Singh (Rudo),5,2026-08-28 08:42:32,best apps
Sajitha Sa,1,2026-08-28 08:41:12,costumer support is a joke ...
A. K. Jain Judge,5,2026-08-28 08:41:07,Good app
Osheen Khan,5,2026-08-28 08:38:54,"best app for shopping, especially i have got the best items of wardrobe from here. I you have to do shopping, you can definitely prefer myntra. Myntra is the best app for shopping till date."
R. Ravikumar,5,2026-08-28 08:33:36,good
Lakshman Chitta,5,2026-08-28 08:30:16,NICE AND CUTE PRODUCT AND FAST DELIVERY
Zoha Fatima,5,2026-08-28 08:22:54,Amazing
Tabassum Khan,5,2026-08-28 08:18:07,"this is my first and last shopping app , it's so enjoyable to use easy to use and even purchase tooo , I really love this app highly recommended.."
gurudas ramteke,5,2026-08-28 08:17:21,best app for shopping
Ravi Desosa,5,2026-08-28 08:13:34,"nice app , returns & refund are fast af-"
PAPUL MONDAL,5,2026-08-28 08:10:37,best app for online soping
Rohith Radhakrishnan,5,2026-08-28 08:04:52,Great
Bella Rozario,5,2026-08-28 08:00:05,app is good easy to use wide range of products
Shruti 09,5,2026-08-28 07:56:45,nice shopping app and this app delivery fast and responsive
Yojana Chandane,5,2026-08-28 07:54:36,very good
Vignesh Appu,5,2026-08-28 07:50:20,super fashion app for all stages best to use
Sandhya Ramesh,5,2026-08-28 07:46:03,goood
jerry,1,2026-08-28 07:45:12,the worst app you can use. please don't order anything from it . delivery is always late and wrong products are given the worst experience one can face. please use Amazon it's the best app. I ordered crocs worth 6k size 10 they are always sending me size 11 I have complained atleast 14-15 times. please don't ever think to buy anything from here
Ambily Harry,5,2026-08-28 07:43:07,wonderful 😘
MJ Mohseen,5,2026-08-28 07:32:56,Good App easily got
Ishita Mallick,1,2026-08-28 07:32:34,3rd class app.. play games with customer's effort and time
josap Joy a,5,2026-08-28 07:29:20,The shopping experience very good purchasing me suitable items for the good quality fast delivery communication thank you Myntra
Hemanta Gorai,4,2026-08-28 07:26:45,super
Nilu Mandal,5,2026-08-28 07:17:59,bohut acha aa app but bohut Price magta hai 🥲
Vipreet,1,2026-08-28 07:17:09,worst app delivers expired items in festival background even to Elite customers. with no policy for refund return .
Chetan Rawal,1,2026-08-28 07:16:58,worst service ever .... totally fed up from this app or website.....
money earn,5,2026-08-28 07:16:41,"“Great app, easy to use, fast service, and very user-friendly experience.”"
Dhruv Sahu,5,2026-08-28 07:13:54,best
Mani Bhavana,5,2026-08-28 07:13:11,excellent
Mahed Ahmad,1,2026-08-28 07:12:49,worst e commerce app I have seen till now they take 10 days to deliver a thing and without any proper tracking and phone calls or messages and had a worst experience in my city gorakhpur hub I have their to collect my own order and they are finding my order and after 1 hours of waiting they said that looks like your order is packed may be or be with delivery agent we will inform you later and then the next day product has been cancelled and they the product has been lost..... not even 1 star
ramya mocharla536,5,2026-08-28 07:08:49,amazing quality clothes
Alok Kumar,5,2026-08-28 07:07:18,verynice
Rupalee Ranjan,1,2026-08-28 07:05:55,"Poor Service The order was marked as delivered even though I never received it. I raised the issue, but no proper action or resolution was provided. Very disappointing service and poor customer support."
Arman Mirza,5,2026-08-28 07:05:32,best app 🤌
Ronin кιиg,1,2026-08-28 06:59:07,I ordered a mustache face wash and I received a duplicate product. and I complain about it and call the customer service they told me we can't do anything for you on this order. and it was my fast myntra order. useless customer service.
kaviharsha16,5,2026-08-28 06:56:19,One of the best shopping apps ever.
ANIKET JUNGADE,5,2026-08-28 06:52:13,Crazy shopping app...I really appreciate the app interface and it's coustomer care ... prompt reply and problem solving time ... excellent 👍
Kushi Gowda,5,2026-08-28 06:46:28,some time they made me irritate
Hamza Arif,5,2026-08-28 06:43:03,best app for shopping trust and authentic
sunita kumari,5,2026-08-28 06:41:57,I am very happy yo this app
Aseel Omer,5,2026-08-28 06:38:47,immaculate... I'm really happy with this app. I've never seen more efficient shopping app like this before
Namitha SL,5,2026-08-28 06:38:05,"user friendly app ,unique collections and smart delivery"
Saurabh Chopra,1,2026-08-28 06:37:59,They fraudulently avoid accepting returns. Quality of clothes is also pathetic.
Sabarinath Sukumaran,1,2026-08-28 06:37:41,"On 26 they said my number was not available and cancelled the delivery, I gave an alternative number that same day and then today they cancelled the delivery again, I called them and they didn't pick up... poor delivery team.. worst delivery I ever seen, can't even give 2 marks out of 100... I am abroad but at the same address I purchase from Amazon and Flipkart and the item arrives at home correctly, this is the first time I have had such an experience. With this, I stopped deal with you."
Kumari Saloni,5,2026-08-28 06:36:18,fast growing online fashion platform
Affrin Rafi,5,2026-08-28 06:21:53,Good
rakesh kumar,5,2026-08-28 06:21:50,satisfaction guaranted
Kashish Ramtara,5,2026-08-28 06:21:08,nice app
SAURABH GOSWAMI,5,2026-08-28 06:20:49,fast delivery...nice and genuine products
Harsh,1,2026-08-28 06:14:11,I've faced this issue two times ki maine order Kara or wo bina mere tak aaye order delivered dikha rha hai ek bar order delivery boy ke ghar pe tha... or dundhne pe order mil gya after 7 days or 2nd time mere paise bhi kate or order delivery bhi ni hua and still it's showing delivered...
shilpa shahi,1,2026-08-28 06:08:23,"they are scammers fraudsters, I know ki 1 rating se tum logo ka kuch nahi hoga but agar 1 person bhi is baat ko samjh lega to mera issue describe karna worth it hoga, first of all they applied platform fee on each product when you are going to buy something then you have to pay that platform fee along with your product charge, after that agar aap us product ko return karte like size issue nd all then ye apko product charges hi return karenge platform fees nahi."
Suman Saurav,1,2026-08-28 06:08:23,very bad experience with myntra
Aman Khare Media,5,2026-08-28 06:07:45,badhiya app hai
Biswanath Gupta,5,2026-08-28 06:04:26,really amazing. quality products at budget friendly price ☺️☺️
Sumaya Sumaya,5,2026-08-28 05:59:27,fantastic
sachin rajput,4,2026-08-28 05:55:24,good
Bhanu JI,5,2026-08-28 05:54:17,good
Satya Prakash Dubey,4,2026-08-28 05:53:44,nice
umer 1023,5,2026-08-28 05:53:18,good
ABHISHEK PATEL,5,2026-08-28 05:51:41,good for everything
Sam Harrington,5,2026-08-28 05:47:53,Good shopping app
Babu Perumal,5,2026-08-28 05:43:44,Hi guys my honest feedback about Myntra is just a Manthra in my shopping lifestyle. this app is just an amazing experience I got it. I just loved it. ♥️
Mallikarjun Gopu,5,2026-08-28 05:41:20,Nice quality
SAYANTAN GHORAI,5,2026-08-28 05:40:52,good app for purchasing selfcare items !!
Murtaza Gul,5,2026-08-28 05:39:56,Good
Naval Bishnoi,5,2026-08-28 05:30:32,"myntra is a very good shopping app , authentic brands are delivered very nice myntra 👍😍😍"
Rishita Das,5,2026-08-28 05:27:29,best quality
HARSH KUMAR,1,2026-08-28 05:26:13,"I placed an order that was supposed to be delivered on the 27th, but it’s already the 28th and your tracking page still says, “We will deliver your order as soon as possible.” Pathetic service—there’s not even anyone available to register a complaint. You have completely ruined my Raksha Bandhan plans. Extremely disappointing and unacceptable. Thankyou for such great Service Myntra"
kushal tiwari,5,2026-08-28 05:25:09,good
Khushi Sharma,5,2026-08-28 05:24:40,it's cheap plus good 😊 shoes clothes and even accessories are so beautiful ❤️❤️
dhanvi,5,2026-08-28 05:22:57,nice
Shyam Ahir,5,2026-08-28 05:16:43,Best app for fashion
Aryan Chauhan,5,2026-08-28 05:13:01,awesome price and good quality
MOHD SAMEER,5,2026-08-28 05:10:34,very trusted app...
Ankona Middey,5,2026-08-28 05:04:47,good app
Moodframe,4,2026-08-28 05:01:26,best quality product 😉
Writer Ji,1,2026-08-28 05:00:45,"The watch looked great initially, but within 4 to 5 days, it started losing time due to a faulty battery. To make matters worse, the black color coating has already started peeling off. Unfortunately, by the time these issues appeared, the return window had closed. Very disappointing and poor quality product. Waste of money."
Sunish,5,2026-08-28 04:51:24,one of the best app
Madhu Sudan Soni,5,2026-08-28 04:51:11,Quality is very good service of Myntra is also good
Ayush Gupta,5,2026-08-28 04:48:30,nice
Muhammed hashim,5,2026-08-28 04:45:25,good material
sapan gupta,5,2026-08-28 04:45:11,great app
Bãçk Bêñchérß,5,2026-08-28 04:37:48,excellent product quality
Jasmeet Singh,5,2026-08-28 04:36:21,knd product
NEZHA YT,5,2026-08-28 04:34:22,best app for fashion
Srividhya,1,2026-08-28 04:28:38,delivery delayed
Rajesh kumar,5,2026-08-28 04:23:54,good
Ahmad Raza,5,2026-08-28 04:17:19,very goood
Mantasha Perween,5,2026-08-28 04:15:22,every product has perfect quality
Satyawan Jangra,5,2026-08-28 04:11:19,good quality
Hasina Barman,5,2026-08-28 04:10:55,It is a very good app for shopping
Kuhelika Bej,5,2026-08-28 04:10:25,very helpful app
Madhumita Das,5,2026-08-28 04:06:58,very gorgeous saree
Mausam,5,2026-08-28 04:06:17,love this shopping 🛍 app
Asmr Suraj,5,2026-08-28 03:57:33,good delivers geniune product.
Shraddha Korde,5,2026-08-28 03:48:26,product quality is so nice.
Hira Mishra,5,2026-08-28 03:46:47,cool
RITESH KUMAR,5,2026-08-28 03:39:12,👍
Sahil Sontakke,5,2026-08-28 03:36:45,better than flipkart and amazon
prerana g,5,2026-08-28 03:28:55,all products are beautiful and comfortable.
Bhautik Hirpara,5,2026-08-28 03:26:57,😄
PRATIMA SUBHASH,1,2026-08-28 03:16:28,totally fraud platform i ordered for a dress they s3nd a totally different product and then refused to return. saying we delivered the product you ordered. totally fraud
sourav mondal,5,2026-08-28 03:12:13,good app
Harsh Tiwari,5,2026-08-28 03:12:05,Quality clothes
Chinni krishna Sandhyapogu,5,2026-08-28 03:05:58,This is good app for online shopping this app shows original brand
Zinat Ibrahim,5,2026-08-28 03:03:43,Prompt delivery and excellent quality of products
mahesh kumar,1,2026-08-28 03:01:47,myntra Sent me used & different colour shirts and I raised return than decline return request myntra is now doing a fraud like a fraud apps in social media platforms
Gulshan Kumar,1,2026-08-28 02:55:47,Irresponsible platform with useless AI customer service. Delayed shipment and no responsibility of it taken by them.No human support which could understand your issue. There is always a risk of lossing your item and they no way take responsibility.
Ashish maraviya,3,2026-08-28 02:54:44,Easy to ship
Sanket Surve,5,2026-08-28 02:49:10,best shopping aapp
Hari Chandana,1,2026-08-28 02:46:46,I never have seen this type of delivery ever I dint receiving even my order at time later it going to be Canceled I'm not suppose to take this
Tarun,5,2026-08-28 02:37:42,ok
SANTHOSH NAYAK DABIRU,5,2026-08-28 02:37:41,nice app👍
ARS VOID,1,2026-08-28 02:35:48,very bad services
Anima Gogoi,5,2026-08-28 02:30:11,very good 😊❤️
Sameer Khan,1,2026-08-28 02:29:32,very bad
Avik Das,5,2026-08-28 02:26:25,Splendid! ❤
Saad Ali,5,2026-08-28 02:22:13,comfortable breathable 🤌
Akhilesh Mishra,5,2026-08-28 02:10:03,wonderful
Pooja Bhatia,5,2026-08-28 01:51:01,nice
Sandeep Rai,5,2026-08-28 01:41:56,fantastic
Bablu Boss,5,2026-08-28 01:33:10,excellent
Samar Parcha,5,2026-08-28 01:30:55,good ap products are good
Akash anil singh,1,2026-08-28 01:28:50,not for time delivery bat app use 10 ⭐️above Given 1⭐️
Er. Farez Ahmed Gazi,5,2026-08-28 01:24:36,good
Priya Yadav,5,2026-08-28 01:09:42,Exceptionally good
Rezuwan Murshid,5,2026-08-28 01:00:39,very good app to use
alok sahu,4,2026-08-28 00:52:30,good product
Shubham Patel,5,2026-08-28 00:49:15,good nice product
Brajesh Kumar Chaudhary,4,2026-08-28 00:34:29,ossome purchaing exprince
NOOR HASSAN,5,2026-08-27 23:42:03,good 😊
AVIJIT DEB,4,2026-08-27 23:15:15,Nice
Ganesh Raj,5,2026-08-27 22:51:34,good
Qammar Legend,5,2026-08-27 22:51:33,fantastic
Julet Smith,5,2026-08-27 22:44:07,"“I had a great experience using Myntra. The app is easy to use, the products have a good variety, and the overall shopping experience is smooth and convenient. Highly recommended!”"
ARSHAD ALI,1,2026-08-27 22:19:55,over price on this app
Chaithu Venati2002,5,2026-08-27 21:33:12,fashion guys worth this app
Atif Yusuf,5,2026-08-27 21:27:55,one of the finest e commerce for clothing and electronics gadgets
Sagar Sinha,5,2026-08-27 20:46:45,Nice dress
Malavika N,5,2026-08-27 20:27:49,very good
CRiZ,5,2026-08-27 20:21:43,Good experience
Dipti Jethwa,5,2026-08-27 20:20:56,very good experience. always get the best quality of clothes.
Vishwas Verma,5,2026-08-27 20:13:03,good
Sanobar Abbasi,5,2026-08-27 20:02:05,good 👍
bhoomi sahu,5,2026-08-27 19:54:17,good
Vijay Tekaria,5,2026-08-27 19:49:45,very good nice product quality very nice
Siddharth Makwana,5,2026-08-27 19:34:20,very good app
Mohd Mustafa,5,2026-08-27 19:31:55,very good
Fanmade Addie,5,2026-08-27 19:28:06,nice
Priya Dubey,5,2026-08-27 19:22:35,very good 👍👍👍👍👍👍
Kartana Unknown,1,2026-08-27 19:10:34,"Very disappointed with the return process. I requested a return over a week ago, and the expected pickup date has already passed with no update. No one has come to collect the item, and my refund is still stuck because of this delay. Such slow and unresponsive service makes it hard to trust shopping here again. Please fix this and process my return/refund immediately."
A R Khan,5,2026-08-27 19:08:31,I love myntra because I received good product like showing on the app
Vishal Sureliya,5,2026-08-27 19:07:36,"Great collection, excellent product quality, and fast delivery. The app is easy to use, and the products are exactly as shown. Definitely recommended for a smooth and reliable online shopping experience!"
Arth Sadh,5,2026-08-27 19:06:45,great experience
Neha Srivastava,5,2026-08-27 19:06:21,nice app specially their beauty finds are awesome..
